{"A": {"y": 0.09947, "x": -1e-05, "yaw": 1.48739}, "C": {"y": 1.28269, "x": -0.19823, "yaw": -0.01813}, "B": {"y": 0.1189, "x": -0.22479, "yaw": -0.01637}, "E": {"y": 0.62512, "x": -0.32903, "yaw": 1.50215}, "D": {"y": 1.22448, "x": 0.01092, "yaw": -1.64065}, "G": {"y": 0.29513, "x": 0.02451, "yaw": 3.08325}, "F": {"y": 0.60097, "x": 0.04402, "yaw": 3.082671}, "I": {"y": 1.09622, "x": 0.94959, "yaw": -1.53015}, "H": {"y": 1.2447, "x": 0.07122, "yaw": -1.60093}, "K": {"y": 1.12276, "x": 0.80802, "yaw": -1.67751}, "J": {"y": 1.09957, "x": 1.12816, "yaw": -1.64104}, "C1": {"y": 1.24263, "x": -0.24082, "yaw": -1.63687}}