{"A": {"y": 0.10777, "x": 0.0008, "yaw": -1.55741}, "C": {"y": -1.20436, "x": 0.21095, "yaw": -1.63734}, "B": {"y": 0.10936, "x": 0.21327, "yaw": -1.55569}, "E": {"y": 0.64075, "x": 0.425, "yaw": -1.42944}, "D": {"y": 1.19119, "x": 0.00077, "yaw": -1.63902}, "G": {"y": 0.42215, "x": 0.13293, "yaw": -3.06199}, "F": {"y": 0.60573, "x": 0.19027, "yaw": -1.42913}, "I": {"y": 0.95285, "x": -1.05087, "yaw": 1.75665}, "H": {"y": 0.17551, "x": 0.17613, "yaw": -3.06418}, "B1": {"y": 0.10949, "x": 0.21344, "yaw": -3.12896}}